t, n, k, alg, weight, ms
1.5,399,4,greedy,1173576.3758056043,47531.582586
1.5,300,98,greedy,140222.37054041776,15883.006127
2,9,44,greedy,30478.795197434927,4.500537
1.5,20,4,greedy,762.4955319120858,7.836695
1.25,910,164,greedy,519801.7316136564,270343.808263
2.5,18,450,greedy,1022881.7592196183,102.972514